{
  "metadata": {
    "version": "2.1.0",
    "date": "2026-02-15",
    "description": "Experimental reference values for MHED-TOE predictions",
    "sources": "PDG 2024, Planck 2018, Kalra et al. 2023"
  },
  
  "particle_masses": {
    "higgs": {
      "value_GeV": 125.10,
      "uncertainty_GeV": 0.14,
      "source": "PDG 2024",
      "mhed_prediction_GeV": 124.8,
      "deviation_percent": 0.3
    },
    "top_quark": {
      "value_GeV": 172.5,
      "uncertainty_GeV": 0.7,
      "source": "PDG 2024",
      "mhed_prediction_GeV": 172.9,
      "deviation_percent": 0.2
    },
    "bottom_quark": {
      "value_GeV": 4.18,
      "uncertainty_GeV": 0.03,
      "source": "PDG 2024",
      "mhed_prediction_GeV": 4.18,
      "deviation_percent": 0.0
    },
    "charm_quark": {
      "value_GeV": 1.27,
      "uncertainty_GeV": 0.02,
      "source": "PDG 2024",
      "mhed_prediction_GeV": 1.27,
      "deviation_percent": 0.0
    },
    "strange_quark": {
      "value_MeV": 95,
      "uncertainty_MeV": 5,
      "source": "PDG 2024",
      "mhed_prediction_MeV": 95,
      "deviation_percent": 0.0
    },
    "up_quark": {
      "value_MeV": 2.2,
      "uncertainty_MeV": 0.4,
      "source": "PDG 2024",
      "mhed_prediction_MeV": 2.3,
      "deviation_percent": 4.5
    },
    "down_quark": {
      "value_MeV": 4.7,
      "uncertainty_MeV": 0.2,
      "source": "PDG 2024",
      "mhed_prediction_MeV": 4.8,
      "deviation_percent": 2.1
    }
  },
  
  "coupling_constants": {
    "fine_structure": {
      "alpha_inverse": 137.035999084,
      "uncertainty": 0.000000021,
      "source": "CODATA 2018",
      "mhed_prediction": 137.036,
      "deviation_percent": 0.0001
    },
    "weak_mixing_angle": {
      "sin2_theta_W": 0.23121,
      "uncertainty": 0.00004,
      "source": "PDG 2024",
      "mhed_prediction": 0.2312,
      "deviation_percent": 0.004
    },
    "strong_coupling": {
      "alpha_s_MZ": 0.1179,
      "uncertainty": 0.0009,
      "source": "PDG 2024",
      "comment": "At M_Z scale"
    }
  },
  
  "cosmology": {
    "cosmological_constant": {
      "value_Planck_units": 1.09e-123,
      "uncertainty": 0.03e-123,
      "source": "Planck 2018",
      "mhed_prediction": 1.05e-123,
      "deviation_percent": 4.0,
      "comment": "In units of M_Pl^2"
    },
    "hubble_constant": {
      "value_km_s_Mpc": 67.4,
      "uncertainty": 0.5,
      "source": "Planck 2018",
      "alternative_value": 73.0,
      "alternative_source": "SH0ES 2022",
      "comment": "Hubble tension persists"
    }
  },
  
  "microtubule_experiments": {
    "kalra_2023": {
      "coherence_time_ns": 8.5,
      "temperature_C": 37,
      "method": "Delayed luminescence",
      "spatial_scale_nm": 6,
      "mhed_prediction_ns": [5, 10],
      "agreement": true
    },
    "tuszynski_2021": {
      "vibration_frequencies_GHz": [0.1, 10],
      "method": "Molecular dynamics",
      "comment": "Supports quantum modes in tubulins"
    },
    "anesthetic_suppression": {
      "propofol_MAC": 1.0,
      "isoflurane_MAC": 1.15,
      "sevoflurane_MAC": 2.05,
      "comment": "MAC = Minimum Alveolar Concentration",
      "mhed_prediction": "Suppression proportional to 1/lambda * potency"
    }
  },
  
  "mhed_novel_predictions": {
    "helical_defect": {
      "angle_degrees": 19.47,
      "origin": "Triality-Fibonacci frustration: arctan(Phi/13)",
      "test": "High-resolution cryo-EM",
      "timeline": "Q2 2026",
      "status": "Awaiting experiment",
      "falsifiable": true
    },
    "lhc_singlet": {
      "mass_TeV": 0.83,
      "cross_section_pb": 1e-4,
      "origin": "E8 breaking pattern",
      "test": "LHC Run 3 exotic searches",
      "timeline": "End 2026",
      "status": "Awaiting data",
      "falsifiable": true
    },
    "mt_coherence_37C": {
      "value_ns": [5, 10],
      "method": "Superradiant enhancement",
      "test": "Optical delayed luminescence",
      "timeline": "Q3 2026",
      "status": "Partial agreement with Kalra 2023",
      "falsifiable": true
    },
    "anesthetic_scaling": {
      "suppression_factor": 3.62,
      "formula": "1/lambda ≈ 217/60",
      "test": "Multi-agent dose-response",
      "timeline": "Q3 2026",
      "status": "Awaiting experiments",
      "falsifiable": true
    }
  },
  
  "orch_or_parameters": {
    "collapse_time_ms": 9.2,
    "gamma_frequency_Hz": 40,
    "source": "Hameroff & Penrose 2014",
    "mhed_derivation": "tau_OR = hbar*dim(E8) / (lambda*Tr_O E_G)",
    "agreement": true
  },
  
  "zero_parameter_constants": {
    "lambda": {
      "exact_form": "60/217",
      "numerical": 0.276497695852535,
      "origin": "E8 root associator variance"
    },
    "eta_retro": {
      "exact_form": "91(3+sqrt(5))/(992*sqrt(2))",
      "numerical": 0.0848249564,
      "origin": "Associator × MT helix × causal links"
    },
    "beta": {
      "exact_form": "24(3+sqrt(5))/5425",
      "numerical": 0.023164033,
      "origin": "Holographic area/volume ratio on MT cylinder"
    },
    "gamma_MD": {
      "exact_form": "1/2",
      "numerical": 0.5,
      "origin": "Hexagonal coordination: (1/6) × 3"
    },
    "Lambda": {
      "exact_form": "12*Phi^45 / N_monad",
      "numerical": 1.05e-123,
      "origin": "Revelation tensor determinant"
    }
  }
}
